Attributes,open,open,open,open,open,open,open,open,open,open,open,open,open,open,open,open,high,high,high,high,high,high,high,high,high,high,high,high,high,high,high,high,low,low,low,low,low,low,low,low,low,low,low,low,low,low,low,low,close,close,close,close,close,close,close,close,close,close,close,close,close,close,close,close,volume,volume,volume,volume,volume,volume,volume,volume,volume,volume,volume,volume,volume,volume,volume,volume
Symbols,AAPL,AMZN,FB,GCVRZ,GOOGL,GSK,LLY,MRK,MSFT,NFLX,NVS,ORCL,PFE,PYPL,TSLA,TWTR,AAPL,AMZN,FB,GCVRZ,GOOGL,GSK,LLY,MRK,MSFT,NFLX,NVS,ORCL,PFE,PYPL,TSLA,TWTR,AAPL,AMZN,FB,GCVRZ,GOOGL,GSK,LLY,MRK,MSFT,NFLX,NVS,ORCL,PFE,PYPL,TSLA,TWTR,AAPL,AMZN,FB,GCVRZ,GOOGL,GSK,LLY,MRK,MSFT,NFLX,NVS,ORCL,PFE,PYPL,TSLA,TWTR,AAPL,AMZN,FB,GCVRZ,GOOGL,GSK,LLY,MRK,MSFT,NFLX,NVS,ORCL,PFE,PYPL,TSLA,TWTR
date,,,,,,,,,,,,,,,,,,,,,,,,,,,,,,,,,,,,,,,,,,,,,,,,,,,,,,,,,,,,,,,,,,,,,,,,,,,,,,,,
2019-01-02,153.6368,1465.2,128.99,0.49,1027.2,36.7547,113.5342,74.7825,98.761,259.28,81.7829,44.1071,42.3709,82.38,306.1,28.26,157.5648,1553.36,137.51,0.49,1060.79,37.0855,114.1672,75.4778,100.9436,269.7499,82.4185,44.9599,42.7443,86.2,315.13,28.987,152.9822,1460.93,128.56,0.46,1025.28,36.5892,111.5165,74.0972,98.1559,256.58,81.0659,44.0773,41.8943,82.24,298.8,27.87,156.6423,1539.13,135.68,0.46,1054.68,36.8617,113.6232,75.0805,100.3186,267.66,81.4535,44.8409,42.4986,85.75,310.12,28.81,37039737,7983103,28146193,23463,1593395,2381745,4247101,14427639,35329345,11679528,1570420,14320441,25076212,10146197,11658648,15053718
2019-01-03,142.8151,1520.01,134.69,0.4848,1050.67,37.0855,113.465,75.0507,99.3067,270.2,82.374,44.3748,42.4888,84.36,307.0,28.38,144.541,1538.0,137.17,0.48804,1066.26,37.2607,113.4848,75.458,99.391,275.79,82.8632,45.1185,42.5871,84.75,309.4,29.18,140.8511,1497.11,131.12,0.4601,1022.37,36.8131,109.8846,73.3523,96.4297,264.43,81.7696,44.0376,41.2212,81.91,297.38,27.94,141.0396,1500.28,131.74,0.47,1025.47,36.8131,110.0923,73.541,96.6281,271.2,82.1124,44.4045,41.3096,82.09,300.36,27.99,91312195,6975572,22717948,11504,2097957,2756653,4203286,13273470,42578410,14969647,3302060,19868713,27043208,9650676,6965184,19051650
2019-01-04,143.3607,1530.0,134.01,0.4602,1042.56,37.0855,110.9824,74.2363,98.9297,281.88,82.4031,44.9896,41.7027,83.71,306.0,28.39,147.348,1594.0,138.0,0.465,1080.0,37.6675,113.5837,75.9844,101.6976,297.8,83.6531,46.5564,42.592,86.91,318.0,30.1,142.6366,1518.31,133.75,0.4517,1036.86,37.0855,110.5176,74.1369,98.1459,278.54,82.4031,44.8706,41.5209,83.37,302.73,28.31,147.0605,1575.39,137.95,0.46,1078.07,37.5818,113.4056,75.7559,101.1222,297.57,83.2267,46.3184,42.253,86.27,317.69,29.95,58607070,9182575,29002059,41930,2301428,2960413,5795155,14077352,44060620,19330102,1759319,20983953,25754634,9234825,7394116,23412594
2019-01-07,147.4969,1602.31,137.56,0.47,1080.97,37.5526,111.1407,75.6367,100.8345,302.1,81.6376,46.5365,42.3218,86.42,321.72,30.2,147.6259,1634.56,138.87,0.4855,1082.7,37.9419,115.1662,75.9546,102.4497,316.8,82.5484,47.7017,42.8622,87.55,336.74,31.38,144.7196,1589.18,135.91,0.4625,1062.64,37.3385,110.8242,74.9017,100.1797,301.65,81.6182,46.0804,42.1154,86.02,317.7508,29.768,146.7332,1629.51,138.05,0.4718,1075.92,37.7667,114.0188,74.9216,101.2511,315.34,82.248,47.0522,42.479,86.93,334.96,31.34,54777764,7993213,20089337,54677,2372667,3403416,7749593,15071652,35656136,18620116,1808616,17967907,19919838,11094140,7551225,19917785
2019-01-08,148.35,1664.69,139.89,0.472,1086.0,37.3191,114.4244,75.3586,102.2234,319.98,83.4593,47.5281,42.8032,88.11,341.96,31.7,150.5917,1676.61,143.14,0.4855,1093.35,38.0343,115.1464,75.6963,103.146,320.593,84.0601,47.9545,42.9408,88.895,344.01,32.05,147.3184,1616.61,139.54,0.472,1068.35,37.3191,113.2672,74.7776,100.9073,308.01,83.3333,46.8043,42.4004,87.69,327.02,30.91,149.5303,1656.58,142.53,0.473,1085.37,38.01,115.0672,75.4778,101.9853,320.27,84.031,47.4786,42.6755,88.7,335.35,31.8,41025314,8881428,26263793,3457,1770654,3114614,3428938,11351852,31514415,15359180,2433171,16255688,18669087,8307637,7008516,18915169
2019-01-09,150.066,1652.98,142.95,0.4623,1087.99,38.3506,115.0969,75.3785,103.0369,317.71,84.2829,46.249,42.705,88.81,335.5,31.8,153.2798,1667.8,144.7,0.4899,1091.64,38.37,116.9267,75.7957,104.0488,323.3508,84.4954,47.8256,42.9113,90.315,343.5025,32.4,148.4194,1641.4,141.27,0.46,1074.37,38.0685,114.9486,74.8123,102.4263,313.5,84.0601,46.2192,42.4495,88.5,331.47,31.54,152.0696,1659.42,144.23,0.4724,1081.65,38.1462,115.9277,74.9017,103.4436,319.96,84.2635,47.3794,42.5871,89.55,338.53,32.25,45099081,6348801,22205879,4456,1349912,2241781,5820142,11370592,32280840,13343152,1026909,19100183,19077393,9578323,5432945,14554404
2019-01-10,151.2662,1641.01,143.08,0.47,1074.94,37.9419,115.809,75.1699,102.4019,314.57,85.281,46.9827,42.4691,89.1,334.4,33.08,152.7243,1663.25,144.56,0.47,1079.81,38.37,115.9376,75.1699,102.9277,325.37,85.4651,47.5777,42.479,90.79,345.39,33.5,149.6395,1621.62,140.84,0.46,1064.68,37.8494,113.7122,72.9748,101.5686,312.5,84.9806,46.4869,41.2998,87.918,331.79,32.26,152.5557,1656.22,144.2,0.47,1078.83,38.3019,114.6716,73.978,102.7789,324.66,85.3779,47.4191,41.575,90.7,344.97,33.09,35780670,6507693,16125004,62794,1329861,2972567,4282265,18257842,30067556,13472475,1853131,16652730,37695611,7478123,6056354,30504455
2019-01-11,151.6431,1640.55,143.15,0.462,1069.9,38.117,114.009,74.1965,102.3722,330.96,85.3004,47.2703,41.5946,90.11,342.09,32.85,152.4565,1660.29,145.36,0.47,1073.37,38.5063,114.9387,74.4349,102.6202,341.09,85.6298,48.2121,42.1351,91.1442,348.41,33.2,150.2842,1636.22,142.57,0.44,1056.43,38.0489,113.8408,73.6502,100.8345,328.52,84.8159,46.9728,41.4177,90.1,338.77,32.43,151.0579,1640.56,143.8,0.47,1064.47,38.3214,114.909,74.3952,101.9853,337.59,85.0484,47.8851,42.1351,90.65,347.26,32.87,27023241,4686222,12908031,41417,1543238,3552718,2648795,9425598,28314202,19500429,2363764,16397521,19985293,7398181,5039052,17732289
2019-01-14,149.6295,1615.0,142.0,0.45,1053.34,37.6889,113.9397,73.7893,101.0924,334.24,84.5155,47.4488,41.8108,89.96,342.38,32.38,150.0461,1648.2,146.57,0.455,1058.45,37.7278,113.9892,73.9383,102.0563,335.48,84.6705,47.9347,41.8894,90.81,342.5,32.75,148.0127,1595.15,141.27,0.425,1048.55,37.3483,113.0792,72.6073,100.4575,329.13,83.9341,47.2207,41.4374,89.55,334.0,32.12,148.7864,1617.21,145.39,0.43,1051.51,37.5721,113.4254,72.8755,101.2412,332.94,84.1279,47.776,41.6339,90.43,334.4,32.37,32439186,6005888,20520278,53892,1424486,5207085,4404603,14951833,28437079,10499582,1989859,14869411,16703162,6084735,5247284,9523030
2019-01-15,149.0542,1632.0,146.01,0.45,1058.01,37.4845,112.6638,72.6073,101.6976,349.6,85.1163,47.2584,41.8599,90.64,335.0,32.51,152.149,1675.16,150.68,0.475,1088.27,38.0441,116.9267,74.3852,104.2174,357.22,85.6298,48.3087,42.4888,91.91,348.8,33.35,148.836,1626.01,145.99,0.425,1054.44,37.4553,112.1594,72.6073,101.0726,347.0,84.8643,47.1986,41.6929,90.19,334.5,32.45,151.8316,1674.56,148.95,0.475,1086.51,38.0003,115.809,73.9979,104.1778,354.64,85.1453,48.1643,41.9877,91.6,344.43,33.02,28710324,5998510,24068822,102964,1875852,3528697,5097713,12502012,31587616,21181234,1472155,12142144,24540172,10377929,6056590,13548207
2019-01-16,151.8415,1684.22,149.0,0.475,1090.0,37.3872,115.7101,74.2363,104.4258,354.0,85.2519,48.3634,41.8501,91.72,344.78,33.1,154.6188,1705.0,149.6499,0.475,1102.36,37.6207,116.7783,75.2593,105.4129,358.85,85.5717,48.5675,42.0487,92.35,352.0,33.3,151.7621,1675.88,146.9975,0.43,1088.01,37.2899,115.2057,73.9681,104.1282,348.11,85.1163,47.8358,41.2998,90.21,343.5,32.44,153.6864,1683.78,147.54,0.43,1089.51,37.3775,115.5222,74.1071,104.5448,351.39,85.2228,47.8457,41.3784,90.55,346.05,32.47,30569706,6366864,18025714,30857,1914041,3627261,2920573,14573342,29853865,15385548,1631508,14114001,28623739,8475025,4691739,10130195
2019-01-17,152.9524,1680.0,146.95,0.4302,1087.99,37.5137,115.5321,73.8092,104.1678,349.5,85.6783,47.796,41.2212,90.25,346.21,32.47,156.3844,1700.17,149.0,0.4591,1100.7,38.01,117.896,75.2593,105.78,355.79,85.9787,48.692,41.9189,90.87,351.5,33.085,152.02,1677.5,146.5,0.43,1083.26,37.465,115.275,73.8092,103.9297,346.41,85.5426,47.5969,41.1033,89.81,344.15,32.39,154.599,1693.22,148.3,0.455,1099.12,37.9321,117.8564,75.0905,105.279,353.19,85.8818,48.3634,41.7322,90.4,347.31,32.85,29821160,4208875,15787914,27486,1244801,3818114,4401880,16192110,28393015,18871195,1901757,12711208,22938626,10254547,3676733,12059708
2019-01-18,156.2257,1712.0,149.75,0.455,1108.59,38.0003,114.3156,75.6268,106.6083,351.97,86.405,48.7218,42.1154,91.35,323.0,33.05,156.6027,1716.2,152.43,0.4698,1118.0,38.1657,115.6211,75.8106,107.0449,353.0,86.4438,49.349,42.1351,91.44,327.1297,33.89,154.7186,1691.54,148.55,0.4514,1099.28,37.8689,113.7614,74.9613,105.0706,336.73,85.9496,48.6521,41.5258,89.78,299.7301,32.77,155.5512,1696.2,150.04,0.4587,1107.3,38.01,115.3145,75.3586,106.8564,339.1,86.2306,49.0504,41.7911,91.12,302.26,33.27,33751023,6020503,31029612,36992,2244569,5922794,8886961,14294582,37427587,26621040,2745441,15930597,36639882,11958388,24150763,16776795
2019-01-22,155.1445,1681.0,149.2,0.46,1096.0,37.6597,114.4244,75.0607,105.904,334.89,85.5426,48.6223,41.6732,90.33,304.82,32.97,155.462,1681.87,151.53,0.475,1098.97,38.01,115.8288,75.6864,106.2512,336.88,85.688,48.9508,41.9484,90.97,308.0,33.35,151.3852,1610.2,146.37,0.46,1070.89,37.6305,114.4244,74.8471,104.029,321.03,85.155,48.4431,41.2016,89.09,295.5,31.925,152.0597,1632.17,147.57,0.46,1078.63,37.9224,115.809,75.3189,104.8425,325.16,85.5814,48.7218,41.5356,89.94,298.92,32.25,30393970,6416796,22378694,26566,1981594,2808077,4377479,10084654,32371253,17941416,1448324,13318705,27935618,7890273,12066741,17780790
2019-01-23,152.9028,1656.0,148.28,0.463,1086.86,38.3117,115.8288,75.0408,105.279,328.25,85.8236,48.9707,41.2605,90.74,292.5,32.26,153.8848,1657.43,148.8,0.4727,1092.95,38.4382,117.5992,75.1997,106.1917,331.75,86.1566,49.2594,41.4669,91.17,294.5,32.45,150.4727,1612.0,143.055,0.45,1067.57,37.7959,115.6409,74.2363,104.5051,318.6,85.155,48.6123,40.8282,89.57,281.69,30.72,152.6747,1640.02,144.3,0.45,1084.41,38.0197,117.4904,74.9315,105.8643,321.99,85.4166,49.0205,41.4276,90.5,287.59,30.97,23130570,5225212,20098415,12368,1259738,2735417,4012069,13711083,25874294,13480138,1933327,15551202,23209663,5596051,12529993,21084440
2019-01-24,152.8632,1641.07,144.64,0.45,1082.51,37.5429,116.9267,74.6534,106.0131,320.6,84.2829,49.0404,41.0542,90.67,283.03,30.94,153.2302,1657.26,146.44,0.475,1088.0,37.5721,116.9267,74.6534,106.152,331.8,84.3701,49.2096,41.064,92.99,293.68,31.73,150.5123,1631.78,142.52,0.4301,1070.02,37.2218,112.9507,71.8922,104.5051,319.0,83.5077,48.6521,39.9143,90.55,279.2831,30.91,151.4646,1654.93,145.83,0.465,1084.0,37.3385,113.732,72.6768,105.3583,326.67,83.7209,48.9807,40.2386,92.2,291.51,31.61,25441549,4089943,20955518,25216,1455948,4394626,6946450,20979630,23164838,11131627,1764738,11442236,32631942,9749072,8012155,12470397
2019-01-25,154.2221,1670.5,147.48,0.4534,1094.23,37.3288,114.0782,73.3225,106.3901,328.72,83.6046,49.3789,40.386,93.05,294.39,31.99,156.8506,1683.48,149.83,0.4749,1103.36,37.5186,114.0881,73.3423,107.025,340.0,83.7597,49.6775,40.5334,94.58,298.5195,33.62,153.0715,1661.61,146.54,0.43,1091.8,37.2315,112.7924,71.6339,105.7452,328.51,83.062,49.2296,39.8013,92.69,289.55,31.98,156.4836,1670.57,149.01,0.46,1101.51,37.3872,113.7122,72.4583,106.3206,338.05,83.2849,49.578,39.934,94.28,297.04,32.9,33547893,4959679,22250954,39916,1163788,2850484,4599052,13410687,31218193,11166609,3277976,16656580,34029811,11664736,7258078,22522440
2019-01-28,154.5296,1643.59,148.05,0.46,1090.07,37.2218,113.465,72.0113,105.4179,334.7,82.5969,49.2296,39.7964,93.3,292.91,32.65,155.0652,1645.0,148.96,0.4676,1093.37,37.4553,113.8507,72.5775,105.6361,336.3,83.0426,49.5083,39.8259,93.42,297.46,33.2,152.4168,1614.09,146.21,0.45,1074.61,37.1342,112.2979,71.5644,103.8305,328.88,82.2868,48.9906,38.7941,90.69,287.75,32.12,155.0354,1637.89,147.47,0.4573,1079.86,37.4067,113.7716,72.4285,104.2472,335.66,82.9942,49.2992,38.8432,92.3,296.38,33.13,26192058,4837711,15508483,11254,1466714,2520890,3590920,12764067,29476719,8652082,4267686,11799138,37314660,7361144,6423279,21750772
2019-01-29,154.9858,1631.27,148.09,0.47,1081.04,37.6889,113.1386,72.4087,104.0488,335.87,83.217,49.1698,38.8138,92.33,295.27,33.33,156.8506,1632.38,148.1,0.475,1084.73,37.8835,114.6815,73.1834,104.1381,338.22,84.0019,49.6975,40.1403,92.85,298.5566,33.55,152.8632,1590.72,143.43,0.47,1066.02,37.5916,112.6638,72.1504,101.3603,328.151,83.217,48.9707,38.7843,90.57,291.8,31.46,153.4285,1593.88,144.19,0.475,1070.06,37.6791,114.4441,72.7364,102.1242,328.9,83.905,49.3888,40.0617,91.12,297.46,31.64,41587239,4632782,17631953,46742,985248,2263819,3767564,11418594,31490547,7655189,1928399,10838600,48744552,6399936,4621692,18849804
2019-01-30,161.9292,1623.0,146.22,0.48,1077.36,38.0781,114.2661,72.9649,103.7909,332.75,82.3837,49.6377,40.0617,92.02,300.45,32.04,164.8057,1676.95,150.95,0.52,1099.52,38.1277,115.7992,73.3125,105.5369,341.78,83.4205,50.2749,41.0247,93.34,309.0,32.38,158.9336,1619.68,145.6953,0.4716,1076.64,37.4164,114.2661,72.5229,103.5032,330.8,82.3353,49.3789,40.0224,90.9,298.49,31.42,163.913,1670.43,150.42,0.4801,1097.99,37.6694,115.6607,72.8755,105.5369,340.66,83.0135,50.1355,40.8576,92.42,308.77,32.26,61109780,5783822,44613240,86688,1472647,5768280,4362867,13302853,49471866,9234530,2439030,13483753,34220034,11622819,11250318,17142508
2019-01-31,164.7661,1692.85,165.6,0.469,1112.24,37.6986,115.6607,72.657,102.9774,339.68,83.779,50.016,41.0162,89.02,301.0,33.07,167.6327,1736.41,171.68,0.505,1127.67,38.1949,118.8257,74.3157,104.3861,345.99,84.9564,50.2749,42.2453,90.09,311.5636,33.69,163.2286,1679.08,165.0,0.44,1105.25,37.5818,115.4504,72.6172,102.3623,338.0919,83.4787,49.8468,40.9865,86.62,294.0,32.79,165.0934,1718.73,166.69,0.505,1125.89,38.1462,118.5487,73.9283,103.6024,339.5,84.8062,50.0061,42.0768,88.76,307.02,33.56,40739649,10910338,77233602,32330,2011572,4001688,5746070,16028339,55636391,8535517,3297695,20403558,38830562,23729880,12569245,21211309
2019-02-01,165.6092,1638.88,165.84,0.48,1122.29,38.0295,119.0037,75.458,102.9526,337.18,84.4767,50.2948,42.4931,88.36,305.42,33.56,167.6128,1673.06,169.1,0.48,1134.4,38.3019,119.6664,76.9677,103.2749,346.84,85.2132,50.8672,42.7409,90.5,316.1,34.09,164.5875,1622.01,165.66,0.4511,1114.25,37.9711,117.8267,74.8223,101.5388,336.5,84.3604,50.0658,42.1759,88.25,303.5,32.96,165.1728,1626.23,165.71,0.471,1118.62,38.1462,119.5675,75.9347,101.9654,339.85,84.9418,50.5835,42.503,90.01,312.21,33.19,32668138,11506213,30806513,75215,1655813,2313939,4171696,15211767,35535690,9827760,3061443,14849598,25844214,10514645,7283441,18816582
2019-02-04,166.0556,1623.0,165.7,0.495,1119.01,38.0976,119.884,75.4381,102.0547,342.6,85.5135,50.1554,42.4634,89.88,312.98,33.34,170.2662,1649.63,169.3,0.495,1142.34,38.1268,120.5071,76.3718,104.9615,352.0,85.8721,51.0215,42.4634,92.12,315.3,34.18,165.9266,1613.5,163.62,0.4515,1117.51,37.8932,117.3915,75.1699,101.9555,341.3,85.3101,50.1554,41.5911,89.71,301.88,33.24,169.8645,1633.31,169.25,0.456,1141.42,38.0878,118.8554,76.3519,104.902,351.34,85.6395,50.8025,42.0669,91.66,312.89,33.94,31495582,4929187,20036470,5783,3920591,2166411,4518418,11282641,31315282,9051387,1995691,12221237,18431233,7084477,7352082,14244111
2019-02-05,171.4615,1643.34,169.15,0.485,1129.63,38.4187,119.3993,76.8585,105.2194,353.2,85.8915,50.9419,42.057,91.91,312.49,34.29,173.6635,1665.26,171.98,0.485,1152.77,38.7106,120.4082,77.8468,106.4199,360.0,86.4728,51.141,42.3544,92.35,322.44,34.57,170.9557,1642.5,168.69,0.451,1123.6,38.3603,119.0828,76.5406,105.1202,352.9,85.8285,50.6582,41.6903,91.36,312.2494,33.92,172.7708,1658.81,171.16,0.4513,1151.87,38.3895,119.1125,76.63,106.3702,355.81,86.1918,51.0116,41.7398,92.27,321.35,34.37,36101628,4453105,22556985,25308,4114790,3197453,8832402,12362293,27325365,9046623,2048044,13345467,20045245,5591260,6742765,17610232
2019-02-06,173.237,1670.75,171.2,0.455,1149.27,38.8469,117.3718,76.3221,106.152,357.0,86.3275,50.9618,41.5515,90.8,319.59,35.05,174.1495,1672.26,172.47,0.46,1154.0,39.6594,119.4982,77.2011,106.152,357.04,86.657,51.2605,41.9975,92.29,324.24,35.25,171.4546,1633.34,169.27,0.4524,1118.36,38.7788,116.4519,76.1135,104.6936,347.19,86.2151,50.7428,41.4226,90.19,315.624,33.75,172.8303,1640.26,170.49,0.4524,1122.89,39.5864,117.9652,76.8684,105.1897,352.19,86.2403,51.0315,41.9579,92.25,317.22,34.16,28239591,3939883,13281161,18220,2412820,5727891,7421020,7992105,20609759,6717662,1024148,9220899,15607570,5939421,5038546,34058034
2019-02-07,171.0052,1625.0,168.2,0.4502,1111.82,39.9757,117.6981,76.4214,104.3514,347.9,86.124,50.5636,41.7398,91.11,313.3,31.17,172.5327,1625.54,169.24,0.4819,1111.99,40.073,118.0245,76.6101,104.7532,348.75,86.2015,50.7577,41.7795,91.71,314.7,31.73,168.9618,1592.91,165.25,0.4501,1093.59,39.4016,115.5816,75.597,103.4635,339.02,85.4263,49.9463,40.8452,90.01,303.0,30.31,169.557,1614.37,166.38,0.47,1105.91,39.4794,116.2146,76.3022,104.4357,344.71,85.5814,49.9961,41.3334,90.85,307.51,30.8,31741690,4626589,17517609,31797,1914877,3674152,7935029,9218891,29760697,7864529,1429898,14905039,23005696,7283827,6520611,69764059
2019-02-08,168.3418,1586.0,164.47,0.47,1094.88,39.7032,116.442,76.2327,103.5627,338.0,85.4651,49.8667,41.1649,90.02,306.83,30.47,170.0053,1588.59,167.37,0.4749,1105.1,40.1022,120.1016,77.0174,104.9417,348.0,86.1289,50.8025,41.8687,91.91,307.445,30.74,167.7739,1566.76,164.21,0.45,1094.24,39.6254,116.1651,76.0539,103.434,338.0,85.3585,49.5979,41.1253,90.0,298.5,29.42,169.7563,1588.22,167.33,0.46,1102.38,39.9854,118.2916,76.9975,104.8325,347.57,86.0949,50.8025,41.8588,91.87,305.8,30.01,23819966,5657457,12561422,83263,1088327,3130139,16195395,8842639,21461093,7561391,1731775,11535561,26091645,7642107,5844212,40669782
2019-02-11,170.3939,1600.98,167.9,0.46,1103.75,39.2459,117.896,77.2756,105.3583,350.0,85.6008,50.7328,41.9083,92.25,311.6,30.17,170.5532,1609.29,168.3,0.5,1113.43,39.3432,118.6279,77.3154,105.7353,352.87,85.8818,51.2455,41.9381,93.75,318.6,30.44,168.6008,1586.0,165.08,0.45,1100.0,39.0415,115.7596,75.6963,104.1331,344.81,85.3294,50.7229,41.1451,92.15,310.5,29.6598,168.7801,1591.0,165.79,0.5,1102.12,39.1485,116.719,76.193,104.4159,345.73,85.3876,51.0016,41.3136,92.69,312.84,30.23,20993425,3317328,12811176,50051,924881,5361271,7203060,13171650,18914123,5454863,1617439,9714510,25713635,6455938,7129713,28838151
2019-02-12,169.4475,1604.0,166.86,0.465,1111.01,39.1777,116.4717,76.7691,105.2988,348.09,85.9883,51.2306,41.3433,93.44,316.2,30.44,170.344,1639.39,168.34,0.5,1132.86,39.5183,118.5883,78.394,106.2909,360.0,86.1918,51.3202,41.6407,94.51,318.19,30.8,169.049,1598.88,164.5,0.4516,1111.01,39.1485,116.2146,76.5952,104.644,346.52,85.8236,50.9618,41.0261,93.2,309.62,30.23,170.2345,1638.01,165.04,0.47,1127.58,39.4405,118.1828,77.9908,106.0429,359.97,86.0949,50.9917,41.5019,94.38,311.81,30.39,22283523,4858604,16292290,33031,1751771,3235401,6975683,13049725,25056595,10429399,1254904,14188483,28975461,7497035,5517570,20315266
2019-02-13,170.7325,1647.0,165.38,0.468,1133.04,39.022,118.2916,78.0305,106.648,357.3,85.8527,51.0215,41.5515,94.59,312.35,30.57,171.8184,1656.38,166.22,0.4774,1142.85,39.4405,118.9641,78.6364,106.9258,359.6,86.3566,51.3202,41.6903,96.04,312.75,31.84,169.2682,1637.11,163.73,0.468,1126.0,38.9928,116.8179,77.9212,105.8643,350.28,85.8139,50.7229,41.0261,93.844,305.57,30.55,169.5272,1640.0,164.07,0.4765,1128.63,39.2848,118.341,78.4874,105.9635,351.77,86.0756,51.1908,41.3334,94.01,308.17,31.12,22490233,3560321,14205146,30380,1402087,3065503,12738558,10477211,18394869,10559146,2424271,11342571,23488812,8577942,5141617,29683308
2019-02-14,169.059,1624.5,163.19,0.5,1125.0,39.4989,118.2764,78.5967,105.4675,351.75,85.9787,51.0116,41.3334,93.65,303.38,30.86,170.6045,1637.9,164.8697,0.505,1136.13,39.8686,120.5735,79.0089,106.4397,360.45,86.468,51.5193,41.7497,94.99,306.77,31.28,168.7303,1606.06,162.2468,0.465,1117.09,39.4405,118.1372,78.1553,104.8226,348.33,85.6492,50.8622,41.2541,93.1,301.0,30.6,170.1448,1622.65,163.95,0.49,1129.2,39.7616,120.0763,78.4079,106.0528,359.07,86.2597,51.2505,41.601,94.42,303.77,30.96,21835747,4120524,12755151,19213,1055297,2940781,17847187,8184201,21784703,9295338,2514553,11155293,18847247,6579170,5200832,15321099
2019-02-15,170.5931,1627.86,164.51,0.4989,1139.3,40.1022,120.5039,79.1231,107.0548,358.47,86.3469,50.9021,42.0074,95.0,304.5,31.2,171.0414,1628.91,164.7,0.4989,1139.3,40.1995,121.7967,79.5899,107.4417,364.4,87.1996,51.4894,42.1363,95.43,308.0,31.8,169.0988,1604.5,160.86,0.475,1116.72,39.9368,119.7283,78.7357,106.5115,355.5,86.3081,50.8423,41.7101,94.45,303.9,30.97,169.7663,1607.95,162.5,0.475,1119.63,40.1314,121.7967,79.2721,107.3623,356.87,87.093,51.4894,42.0273,94.91,307.88,31.23,24626814,4343893,15504415,43656,1391348,3213874,10366435,10387517,26606886,9229980,2351443,13822166,18186859,6080181,3904947,17591516
2019-02-19,169.059,1601.0,160.5,0.48,1116.64,40.1119,120.6332,79.2522,106.9357,355.8,86.7732,51.2505,41.8687,94.45,306.56,31.23,170.7824,1634.0,164.15,0.5,1129.64,40.3163,122.6419,79.585,107.7988,365.0,87.3159,51.9474,42.4832,95.3,311.5442,32.11,168.8398,1600.56,160.33,0.48,1116.64,40.1119,120.6233,78.547,106.9258,355.32,86.7345,51.0116,41.8142,94.06,305.47,31.15,170.2743,1627.58,162.29,0.49,1126.51,40.18,121.4486,78.7059,107.3127,361.92,87.1802,51.7881,42.2255,95.02,305.64,31.65,18972826,3681656,14345390,117901,1099259,2676334,17861446,9211439,18038460,7396559,2123232,12357469,23181303,8092379,4168443,14391680
2019-02-20,170.5333,1630.0,162.25,0.49,1128.88,40.073,121.6972,78.4675,107.4622,364.85,87.8488,51.7682,42.1561,95.0,304.41,31.71,172.6551,1634.93,163.72,0.545,1130.93,40.4866,122.3635,79.0039,107.5419,366.71,88.2073,51.9723,42.1859,95.72,306.3,31.93,170.3341,1610.12,161.25,0.49,1111.75,40.0438,120.9315,78.2788,105.898,356.7,87.7713,51.2704,41.5614,93.98,299.0,31.21,171.3701,1622.1,162.56,0.52,1120.59,40.2482,121.9757,78.8946,106.7548,359.91,87.9263,51.5392,41.829,94.73,302.56,31.37,26114362,3337589,11770692,18058,1204533,2600363,19880296,8581602,21607671,8110741,1416617,13440874,25953408,8154094,7142117,16871139
2019-02-21,171.141,1619.85,161.93,0.51,1118.78,40.0228,121.379,78.6463,106.5058,360.03,87.9263,51.3998,41.6506,94.72,301.81,31.36,171.7088,1623.56,162.24,0.51,1119.15,40.2005,123.0695,79.4906,109.0762,362.85,87.9748,52.1166,41.948,95.51,303.2399,31.48,169.6467,1600.91,159.59,0.49,1097.98,39.924,121.1205,78.6165,106.4759,353.88,87.4128,51.2804,41.492,94.33,290.5,30.6,170.4038,1619.44,160.04,0.5,1104.21,40.0326,122.0353,79.2919,109.0065,356.97,87.7035,51.8777,41.7695,94.96,291.23,30.76,17249670,3483392,15607828,39175,1663980,2458054,20798847,7386114,29063231,6227897,806105,14759499,18607063,6410003,8909182,13944892
2019-02-22,170.9218,1623.5,160.58,0.51,1109.7,39.6969,122.0453,79.2323,109.6441,360.34,87.4903,52.1564,41.9281,95.24,294.49,30.81,172.3364,1634.94,162.41,0.535,1117.25,40.151,124.0441,80.315,110.7899,366.13,88.1298,52.3655,42.7459,96.0,296.5,31.73,170.7226,1621.17,160.31,0.5,1100.5,39.6475,121.9657,79.2323,109.415,360.05,87.4643,51.9673,41.8488,95.07,292.1,30.81,172.3065,1631.56,161.89,0.5,1116.56,40.0425,123.3082,80.2256,110.5607,363.02,87.9651,52.246,42.5823,95.98,294.71,31.71,18913154,3096191,15858468,71904,1471783,2279847,19574004,7955621,27763218,7088214,1056173,11689681,23510009,4898247,5740558,15413439
2019-02-25,173.4919,1641.45,163.07,0.54,1121.93,40.1215,123.4076,80.315,111.3478,367.01,88.1298,52.5148,42.6616,96.07,297.91,31.99,175.1954,1654.6,166.07,0.54,1125.4,40.2104,123.9745,80.4441,111.7663,371.49,88.5513,52.7936,42.9838,97.3038,302.9044,32.71,173.2827,1630.39,162.9,0.49,1114.11,39.924,122.7812,79.4509,110.8497,363.79,88.0523,52.2261,42.5625,96.0,297.0005,31.88,173.5617,1633.0,164.62,0.5099,1117.33,39.9833,123.1988,79.8382,111.1785,363.91,88.2752,52.3257,42.7013,96.7,298.77,31.99,21873358,3184462,18737106,26628,1310362,2203166,13682426,9295117,23750599,7569320,1666318,14722184,23979889,7470730,6626522,15061331
2019-02-26,173.0436,1625.98,164.335,0.5,1114.37,39.924,123.169,79.9773,110.8497,362.98,88.6143,52.2261,42.5823,96.34,292.22,31.89,174.6275,1639.99,166.24,0.51,1126.43,40.1906,124.4617,80.5534,112.8224,365.7,88.8759,52.6443,42.85,96.82,302.01,31.96,172.5089,1616.13,163.8,0.1529,1106.7,39.8253,122.632,79.4608,110.76,359.33,88.536,52.0072,42.4237,95.53,288.7701,30.99,173.6613,1636.4,164.13,0.5,1122.01,39.9931,123.9745,80.1958,111.9456,364.97,88.6531,52.3655,42.6418,96.59,297.86,31.01,17070211,2665815,13784063,2665631,1751261,1766161,20791003,8518983,21536733,4944593,1233236,12041308,15701050,5906401,8582535,17519063
2019-02-27,172.5456,1628.18,162.9,0.4,1114.01,39.8549,123.7955,79.9972,111.2781,363.5,88.7209,52.2859,42.6022,96.11,301.78,30.95,174.3287,1641.81,163.93,0.4898,1125.73,40.1709,125.7744,80.7421,111.9456,368.03,89.0019,52.4053,42.8401,98.04,316.295,31.0,172.0674,1615.1,160.41,0.4,1108.56,39.8351,123.3878,79.8879,110.4711,359.8,88.3721,52.027,42.4337,95.93,300.55,29.9,174.1992,1641.09,162.81,0.4898,1122.89,39.9536,124.9788,80.0766,111.7563,362.87,88.4593,52.1465,42.5526,97.86,314.74,30.41,27835389,3148824,12697485,211033,1104881,3308586,32135797,7493415,21487062,5629945,1400499,10674216,15631014,5565391,11183908,24639117
2019-02-28,173.6513,1635.25,162.37,0.47,1119.0,39.7956,124.8197,79.9872,111.6268,362.47,88.5174,51.9673,42.5724,97.66,318.92,30.25,174.239,1651.77,163.5,0.49,1133.99,40.166,127.0572,81.2089,112.4637,366.39,89.0116,52.2759,43.3951,98.525,320.0,30.79,172.2567,1633.83,160.86,0.47,1118.41,39.7561,124.5015,79.9872,111.3179,357.709,88.3188,51.813,42.4931,97.08,310.81,30.01,172.4858,1639.83,161.45,0.485,1126.55,39.8549,125.5854,80.7421,111.6168,358.1,88.4011,51.8976,42.9689,98.07,319.88,30.78,28215416,3025891,11114185,101967,1371355,3600709,36023631,11057691,29083934,6186763,1368958,31856866,37004223,6151847,10520653,15242855
2019-03-01,173.6115,1655.13,162.6,0.462,1131.0,39.9043,126.5401,81.2089,112.4737,362.26,88.5368,52.266,43.2266,98.92,306.94,31.17,174.4781,1674.26,163.132,0.475,1150.0,40.0721,128.698,81.3728,112.6032,362.87,88.7936,52.4949,43.405,99.45,307.13,31.19,172.2268,1651.0,161.69,0.462,1131.0,39.8253,125.8738,80.6229,111.2532,354.6915,88.3333,52.1365,42.9094,98.34,291.9,30.28,174.2988,1671.73,162.28,0.4724,1148.52,39.8845,128.1212,81.0997,112.115,357.32,88.5659,52.2759,42.9788,98.8,294.79,30.62,25886167,4974877,11097770,89404,1704258,2323844,43291166,10137977,23501169,5526539,1338539,15757663,25301489,5434436,22911375,12360706
2019-03-04,175.0161,1685.0,163.9,0.45,1154.56,39.9833,129.7819,81.4771,112.6032,359.72,89.21,52.4352,43.0581,98.03,298.12,30.78,177.0682,1709.43,167.5,0.4751,1165.52,39.9833,129.7819,81.5665,112.8323,362.25,89.28,52.6094,43.2068,98.5,299.0,31.26,173.3027,1674.36,163.83,0.43,1138.25,39.608,124.6407,79.9872,110.3914,348.0436,88.75,51.3401,42.503,95.34,282.78,30.065,175.1754,1696.17,167.37,0.4751,1153.42,39.7759,126.7489,80.8216,111.846,351.04,89.26,51.808,42.6914,96.57,285.36,30.5,27436203,6167358,18894689,172607,1774467,2081992,59468814,8132355,26608014,7486996,1402481,14850055,21637448,7855772,17096818,15920363
2019-03-05,175.2651,1702.95,167.37,0.4602,1156.0,39.6969,127.6837,80.9308,111.836,351.46,88.79,51.808,42.7112,96.65,282.0,30.5,175.3249,1707.8,171.88,0.48,1176.49,40.0326,128.1538,81.4771,111.9755,356.17,90.11,52.3524,42.8698,97.14,284.0,31.23,173.8705,1689.01,166.55,0.4301,1153.02,39.6179,126.013,80.6726,110.8198,348.25,88.78,51.7831,42.4733,96.15,270.1,30.39,174.8567,1692.43,171.26,0.4523,1169.19,39.8549,127.7732,81.1493,111.288,354.3,89.8,52.1266,42.513,96.53,276.54,31.03,19737419,3681522,28187890,48284,2004723,1990626,53212630,8299825,19538318,5937754,3692402,16291901,25170612,6321889,18764740,13073531
2019-03-06,174.0,1695.97,172.9,0.45,1171.76,40.0228,128.0317,81.05,111.4574,353.6,90.03,52.0768,42.4436,96.52,276.48,30.94,174.8168,1697.75,173.57,0.47,1174.74,40.0228,128.0715,81.2089,112.2445,359.88,90.04,52.5148,42.4931,97.28,281.5058,31.339,173.2728,1668.28,171.27,0.45,1163.05,39.5488,124.6904,79.7538,111.019,351.7,89.35,51.8976,41.2541,95.91,274.39,30.585,173.8505,1668.95,172.51,0.46,1164.94,39.687,125.9733,80.2157,111.3379,359.61,89.81,52.1166,41.492,96.46,276.24,30.8,20810384,3996001,21531723,65453,1180052,1517328,74822867,7793076,17686996,6211895,1205918,12389327,21262526,3226530,10335485,10938592
2019-03-07,173.203,1667.37,171.5,0.4501,1160.5,39.6673,125.7048,80.4839,110.9892,360.16,89.84,51.9673,41.492,96.17,278.84,30.76,173.7708,1669.75,171.74,0.4619,1163.58,39.7759,126.4804,80.5584,111.1386,362.86,89.94,52.8931,41.5236,96.75,284.7,30.84,171.3601,1620.51,167.61,0.4501,1141.71,39.4056,124.4319,79.4956,109.4598,350.5,89.3052,51.9573,40.8874,95.3,274.25,30.01,171.8383,1625.95,169.13,0.46,1150.85,39.6179,125.6351,79.9078,109.9829,352.6,89.43,52.3456,41.0261,96.21,276.59,30.12,24796374,4957017,18306504,13110,1504328,3026582,60615568,10425142,25338954,6151331,1633235,16624134,27557956,6170276,9442483,15779860
2019-03-08,169.6667,1604.01,166.2,0.46,1133.9,39.6475,125.665,79.6694,108.7574,345.75,89.22,52.1166,40.9667,95.04,276.91,29.64,172.4061,1622.72,169.62,0.46,1153.45,39.6673,126.2716,80.0568,110.3017,349.92,89.73,52.5447,41.0757,95.77,285.59,30.21,168.8498,1586.57,165.97,0.4305,1130.2,39.3217,124.5512,78.5172,108.3987,342.47,88.93,51.8976,39.9854,94.51,275.89,29.41,172.2467,1620.8,169.6,0.46,1149.97,39.6179,125.9931,79.2621,110.1024,349.6,89.68,52.5348,40.5305,95.69,284.14,30.04,23999358,4667014,13184831,25762,1184732,1678302,50169777,11179741,22818430,6898838,1630765,15071067,29702195,4578084,8819625,11964309
2019-03-11,174.8168,1626.12,171.6,0.44,1152.0,39.6278,121.4188,79.8184,110.5807,352.0,89.57,51.7085,40.7387,96.01,283.52,30.24,178.4329,1672.29,174.3,0.47,1179.91,39.7443,121.4188,80.4839,112.5334,358.98,90.35,52.9379,41.155,97.57,291.28,30.91,174.6774,1626.01,171.58,0.41,1151.57,39.4105,121.4188,79.5303,110.5707,350.03,89.55,51.6736,40.4413,95.9539,280.5,30.24,178.2137,1670.62,172.07,0.47,1179.26,39.5784,121.4188,80.3249,112.4139,358.86,90.07,52.4252,41.1352,97.45,290.92,30.87,32011034,3876352,18883983,36102,1501633,1759580,290,8708675,26491618,5387285,1226585,20027695,27667468,5387479,7392278,16013214
2019-03-12,179.3095,1669.0,172.09,0.436541,1182.3,39.3217,121.8166,80.6229,112.4039,359.37,90.01,52.4352,41.3334,98.0,286.49,31.15,181.9693,1684.27,173.8,0.4422,1205.71,39.6771,123.8054,81.0103,113.5696,360.13,90.48,53.0524,41.5515,98.08,288.07,31.41,178.6819,1660.98,171.2178,0.4301,1182.3,39.3167,118.177,80.2355,112.2344,353.8,89.95,52.3456,41.011,96.9,281.06,30.885,180.216,1673.1,171.92,0.4422,1197.25,39.5488,123.195,80.6825,113.201,356.27,90.07,52.5646,41.3632,97.5,283.36,31.16,32467584,3614498,12155264,15275,2110979,1298129,4938,8837198,26132717,5164571,1820583,18048545,22932195,5624849,7504137,12324334
2019-03-13,181.5509,1683.0,172.32,0.4302,1205.93,39.7463,123.2468,81.0599,113.7091,355.81,90.78,52.8235,41.5019,98.2,283.9,31.31,182.5969,1700.0,174.03,0.445,1207.12,39.8746,125.486,81.4573,114.5759,362.48,91.68,53.2316,41.7596,100.5901,291.99,31.48,180.226,1679.35,172.12,0.42,1197.91,39.6421,122.811,80.6428,113.3604,352.765,90.59,52.5049,41.1847,98.14,282.7,31.04,181.013,1690.81,173.37,0.445,1199.06,39.845,125.486,81.05,114.0777,361.21,91.63,52.8235,41.6407,99.31,288.96,31.3,31032524,3552041,11973280,27549,1294354,1164908,4046,7690603,35513771,6444092,2480588,19490842,22500347,9356601,6844719,10201337
2019-03-14,183.1946,1691.2,169.76,0.426,1199.02,39.9635,124.2827,81.31,114.1176,360.5,91.49,52.7438,41.6308,99.46,292.45,31.28,183.3938,1702.0,171.15,0.45,1204.7,40.0721,124.2827,81.76,114.7751,363.84,92.41,53.157,41.7101,99.67,295.39,31.55,181.8597,1684.34,168.16,0.34,1191.23,39.845,121.8265,80.9331,113.9084,358.1008,91.36,52.6144,40.7684,98.93,288.29,30.94,183.0252,1686.22,170.17,0.45,1192.53,39.924,122.3933,81.49,114.1674,358.82,92.02,52.8135,40.8279,99.03,289.96,31.03,23579508,2946618,18037364,23413,1365072,1574709,42768796,8139817,30763367,5271429,1616472,24000329,30473983,5414658,7103447,12090588
2019-03-15,184.1409,1703.0,167.16,0.4277,1198.0,40.003,122.4132,81.5,114.9146,361.02,92.48,51.1709,40.8675,99.4,283.51,31.04,186.6114,1718.8,167.58,0.447,1201.72,40.1314,123.4673,81.905,116.8176,364.0,93.62,53.152,41.5118,101.2599,283.7244,31.41,183.0352,1693.13,162.51,0.4277,1187.01,39.8352,121.2796,80.8,114.1674,358.89,92.29,50.7726,40.5008,99.33,274.4,30.71,185.406,1712.36,165.98,0.447,1190.3,40.1215,123.2485,81.57,115.4825,361.46,93.29,52.704,41.4127,100.73,275.43,31.22,39042912,7550870,37126000,255140,2593338,2115761,47331005,16546761,54630661,8443210,2656247,43340219,70938023,10960863,14785531,17522706
2019-03-18,185.0873,1712.7,163.57,0.41,1189.69,40.1215,123.2983,81.27,115.7416,362.47,93.04,52.6343,41.4028,101.21,276.0,31.25,187.6673,1750.0,163.9,0.4737,1194.95,40.161,124.6507,81.83,117.1763,370.9705,93.22,53.7194,41.6952,101.83,278.05,31.58,185.0773,1712.63,159.28,0.41,1181.48,39.7907,122.811,80.92,115.622,361.86,92.71,52.5447,41.2839,99.37,267.3,30.84,187.2988,1742.15,160.47,0.45,1188.55,39.9833,124.5413,81.35,117.1364,363.44,93.17,53.2217,41.4424,100.27,269.49,31.08,26219832,5429058,37524191,15435,1222203,1365002,16052335,13700423,31207596,7194726,2173315,21953604,18021218,6454037,10280980,13172614
2019-03-19,187.6275,1753.51,161.48,0.4514,1191.72,40.0721,124.5612,81.54,117.6545,366.4,93.63,53.5602,41.601,100.6,267.5,31.15,188.265,1784.16,163.82,0.4601,1203.4,40.2203,125.9434,82.0,118.0032,366.96,93.7,54.1326,42.057,101.685,273.3,31.5,185.2068,1753.51,160.82,0.4501,1189.46,39.8845,124.4418,80.96,116.5585,356.8,92.895,53.5104,41.383,100.6,263.46,30.88,185.8145,1761.85,161.57,0.4601,1202.46,39.9438,125.8838,81.91,117.2161,358.78,92.99,53.7991,41.9281,101.54,267.47,31.27,31646369,6364161,25611488,11585,1489407,2210680,13726265,9756117,37588697,7541425,2546120,19214018,25050546,6965119,11800630,15557439
2019-03-20,185.5156,1769.94,161.5,0.45,1201.4,40.2499,126.8285,81.85,116.9571,358.91,93.01,53.6498,41.829,101.45,269.69,31.24,188.7631,1799.5,166.12,0.4523,1229.99,40.4671,128.3798,82.72,118.312,375.9,93.89,53.9484,42.0223,103.05,274.97,32.65,184.0214,1767.03,161.24,0.4477,1199.59,40.0524,126.1224,81.38,116.2796,357.01,92.78,52.2709,41.4127,100.84,266.3,31.16,187.4382,1797.27,165.44,0.4481,1226.43,40.2993,127.445,82.08,117.0866,375.22,93.48,52.4053,41.7993,102.31,273.6,32.57,31035231,6265633,20211474,60582,2075442,2034950,7520705,11349959,28113343,10917165,1512730,24111603,22295088,6462929,6908224,22373782
2019-03-21,189.2911,1796.26,164.89,0.4477,1220.0,40.6844,126.1721,82.1,116.703,374.0,93.44,52.3954,41.5614,102.15,272.6,32.31,195.5769,1823.75,166.39,0.451,1236.44,40.951,128.2604,83.17,120.3744,379.0,93.84,53.809,42.2652,104.56,276.45,32.69,189.0819,1787.28,163.75,0.44,1216.58,40.625,125.9335,81.85,116.6582,370.61,93.36,52.1166,41.5019,102.085,268.45,32.03,194.3416,1819.26,166.08,0.4422,1236.13,40.7239,127.5942,82.95,119.7766,377.87,93.66,53.7991,41.9777,104.15,274.02,32.61,51034237,5767797,16223007,8212,1407480,2568576,5704385,9039384,29854446,8544017,3730803,16686327,23019526,7216748,5947098,13346906
2019-03-22,194.5907,1810.17,165.65,0.44,1228.85,40.9313,128.0118,82.91,119.0593,375.95,93.32,53.381,41.829,103.87,272.58,32.5,196.9317,1818.98,167.42,0.4523,1233.63,41.0991,128.7576,83.45,119.149,376.43,93.79,53.6398,42.2453,104.0,272.8,34.21,190.0482,1763.11,164.09,0.44,1206.0,40.7338,126.7191,82.0164,116.6084,360.04,93.24,52.5049,41.4573,101.25,264.0,32.34,190.3171,1764.77,164.34,0.45,1207.65,40.7338,127.5842,82.29,116.6183,361.01,93.42,52.5348,41.4821,101.27,264.53,33.02,42407666,6362983,16389185,46441,1721133,2510418,15332895,10152269,33624528,8661346,2813304,16201521,18614890,7194999,8745609,28034683
2019-03-25,190.7754,1757.79,163.0,0.4422,1199.56,40.7436,127.8925,82.07,116.1301,359.0,93.57,52.3257,41.4424,100.94,259.71,32.83,191.2436,1782.68,166.54,0.4516,1209.44,40.8819,129.8515,82.75,117.5748,367.0399,93.66,52.704,41.7795,102.18,263.18,33.3,185.8842,1747.5,162.0,0.4422,1190.0,40.6153,127.6936,81.92,115.8934,357.44,92.9,52.0011,41.3037,100.51,254.46,32.28,188.016,1774.26,166.29,0.4516,1197.38,40.6943,129.1455,82.35,117.2261,366.23,93.31,52.5049,41.5217,101.55,260.42,32.59,43845293,5103803,12631230,1956,1378849,2105887,5972779,7517834,27067117,8473845,1363662,11755914,18808072,5117698,10215029,15272347
2019-03-26,190.9288,1793.0,167.35,0.442,1205.19,41.3262,129.5134,82.76,118.1825,367.87,94.65,53.0524,41.829,102.34,264.44,32.98,192.1401,1805.77,169.45,0.4519,1207.65,41.346,131.3928,83.47,118.2672,368.38,95.13,53.3013,42.3246,103.285,270.26,33.86,183.872,1773.36,166.3499,0.442,1181.76,40.9905,128.9764,82.57,116.4191,358.02,94.47,52.8235,41.7596,101.75,264.43,32.92,186.0735,1783.76,167.68,0.45,1189.84,41.0794,130.289,82.92,117.4751,359.97,95.02,53.0425,42.0471,103.15,267.77,33.06,49800538,4865880,15437920,4983,1537606,2450186,5872941,8819443,26097665,7666475,4141506,11657558,19781073,4498014,7350948,17252299
2019-03-27,188.026,1784.13,167.85,0.44,1191.92,41.3065,130.2294,82.92,117.4403,361.0,95.15,53.0425,41.9678,103.2,268.75,32.93,189.0321,1787.5,168.94,0.48,1191.92,41.425,130.8211,83.06,117.774,362.47,95.51,53.4108,42.2652,104.17,275.37,33.4522,185.8344,1745.68,164.79,0.44,1164.23,41.0103,127.803,81.81,115.0955,350.37,94.5,52.0768,41.5515,101.74,268.1838,31.95,187.747,1765.7,165.87,0.46,1178.01,41.2077,128.0516,82.29,116.3394,353.37,95.11,52.5746,41.6506,103.07,274.83,32.28,29848427,4324801,10620299,28958,1471402,3156663,7675098,9561832,22733427,7852370,3694105,12636047,18458296,5450156,8779166,13669409
2019-03-28,188.2252,1770.0,164.57,0.442,1175.5,41.4744,128.6184,82.79,117.0069,354.485,95.5,52.7637,41.8092,103.45,277.16,32.29,188.8319,1777.93,166.72,0.4549,1177.25,41.6176,129.1753,82.9,117.1464,355.94,95.8,53.0574,41.9927,104.01,280.33,32.93,186.8106,1753.47,163.33,0.44,1163.43,41.2966,128.151,82.175,115.7017,349.2,95.32,52.5547,41.6903,102.67,275.1,31.73,187.9961,1773.42,165.55,0.4549,1172.27,41.346,128.2306,82.63,116.4988,354.61,95.63,52.9529,41.9182,103.86,278.62,32.87,20780363,3042958,10689171,29667,1120122,3448570,6112929,6833277,18334755,4360960,1443866,9103127,16048895,4466587,6774093,17750596
2019-03-29,189.1018,1786.58,166.39,0.48,1180.18,41.4052,128.2903,83.0,117.6346,357.16,95.52,53.2316,42.0273,104.52,278.7,33.1,189.3509,1792.86,167.19,0.48,1183.97,41.4546,129.2101,83.3,117.8836,358.25,96.31,53.4954,42.2057,104.7,280.16,33.24,187.8168,1776.63,164.81,0.44,1166.38,41.1189,128.2604,82.71,116.5287,353.71,95.27,53.0126,41.822,103.46,274.5,32.47,189.2214,1780.75,166.69,0.45,1176.89,41.267,129.0361,83.17,117.505,356.56,96.14,53.4706,42.0966,103.84,279.86,32.88,23563961,3320793,13455454,25389,1544615,2364334,5729087,9683255,25399752,4705636,1744077,11485721,20571118,5625544,5991338,13529256
2019-04-01,190.9049,1800.11,167.83,0.44,1187.54,41.5435,129.9808,83.73,118.5113,359.0,96.31,53.6398,42.2057,104.99,282.62,33.16,190.9447,1815.67,168.9,0.455,1200.2,41.5435,130.6172,83.85,118.6692,368.33,96.31,54.4064,42.5576,105.76,289.2,33.68,187.6574,1798.73,167.2789,0.4,1186.36,41.1781,128.33,82.94,117.6644,358.51,95.65,53.6099,42.1759,103.85,281.281,32.7,190.5064,1814.19,168.7,0.4509,1198.98,41.2867,128.33,83.3,118.5811,366.96,95.71,54.3367,42.4634,105.55,289.18,33.44,27861964,4238752,10381490,36741,1385595,2336243,5132275,8416393,22789103,7036097,1530723,15191712,19302651,6157204,8110439,12499656
2019-04-02,190.357,1811.02,170.14,0.45,1200.05,41.5534,128.3201,83.46,118.6209,366.25,94.82,54.1674,42.5724,105.76,288.3,33.44,193.7141,1820.0,174.9,0.4523,1205.81,41.6718,128.8471,83.72,119.0394,368.42,95.03,54.257,42.8004,105.76,289.44,33.89,190.3171,1805.12,169.55,0.4422,1191.24,41.3361,127.5196,82.9,118.0829,362.22,94.6801,53.6398,42.3643,104.66,283.88,33.23,193.2757,1813.98,174.2,0.4422,1205.54,41.3559,128.5985,83.21,118.7504,367.72,94.88,53.9086,42.5328,105.23,285.88,33.75,22765732,3448115,23946529,4583,914413,3132937,3214621,5606195,18142297,5158742,1606494,10812078,17670906,4177507,5478940,11638013
2019-04-03,192.5087,1826.72,174.5,0.45,1212.7,41.2275,128.3897,83.27,119.418,369.26,94.35,53.9186,42.6121,105.91,287.32,34.0,195.7462,1830.0,177.96,0.45,1220.6,41.4596,128.5289,83.655,119.9859,373.4105,95.04,54.1475,42.6914,105.97,296.17,34.76,192.4091,1809.62,172.95,0.4422,1205.08,41.109,126.1324,82.75,118.7106,366.19,94.1575,53.6149,42.1759,104.49,287.17,33.81,194.6006,1820.7,173.54,0.45,1210.81,41.2374,126.3412,83.18,119.5276,369.75,94.96,53.819,42.4634,104.69,291.81,34.38,23271830,3980590,27590058,16278,1109614,2817701,4425479,6250663,22860744,5376623,3071692,12853422,15370795,5442449,7929864,18040972
2019-04-04,194.0428,1820.65,176.02,0.4445,1211.29,41.3065,126.6296,83.01,119.6571,370.07,94.14,53.6199,42.4138,104.7,261.89,34.7,195.6167,1828.75,178.0,0.455,1220.55,41.3335,126.6395,83.2,119.7866,372.05,94.275,53.9086,42.5278,104.97,271.2,35.1353,192.3991,1804.2,175.5301,0.44,1209.04,41.0103,123.9148,81.21,117.9434,362.4,93.5,53.1719,42.1264,102.65,260.59,33.9,194.9393,1818.86,176.02,0.44,1219.45,41.1683,124.9092,81.85,118.9198,367.88,94.22,53.5801,42.3643,104.46,267.78,34.42,19114275,3623867,17847731,100298,1051089,2198643,5540197,9787850,20112848,4627305,2971016,9978761,12325356,7996830,23720729,14604127
2019-04-05,195.6964,1829.0,176.88,0.45,1219.3,41.2966,125.7843,81.97,118.9497,369.0,94.03,53.5004,42.6022,104.84,269.86,34.55,196.3439,1838.58,177.0,0.45,1220.39,41.3559,126.3014,82.16,119.7866,369.8,94.54,53.9484,42.8995,105.8,276.1,34.7999,195.1784,1825.19,175.1,0.44,1210.03,41.0201,124.9092,81.11,118.9298,364.66,93.77,53.5004,42.513,104.62,266.11,34.37,196.2443,1837.28,175.72,0.44,1211.45,41.0794,126.2815,81.15,119.4478,365.49,93.99,53.6896,42.6121,105.73,274.96,34.72,18526644,3640476,9594133,110886,1001044,1954308,4656359,9851324,15826245,3905493,2333651,10016462,14761894,8573757,13038257,9571670
2019-04-08,195.6665,1833.23,175.21,0.44,1211.11,41.3262,125.7943,80.96,119.3681,365.11,94.98,53.4905,42.6914,105.66,277.69,34.79,199.4619,1850.2,175.5,0.452111,1213.95,41.3262,126.5699,81.26,119.5774,365.94,94.98,53.6846,42.8995,107.0,281.16,35.06,195.5868,1825.11,174.23,0.44,1204.69,41.0399,125.3883,80.35,118.2025,359.93,94.325,53.0923,42.5328,104.67,270.44,34.51,199.3324,1849.86,174.93,0.45,1208.28,41.1485,126.4506,80.95,119.4877,361.41,94.93,53.4805,42.7608,106.57,273.2,34.86,25881697,3752841,7297379,39256,1087588,2044996,3430908,10101497,15116186,4653810,2672450,10126799,14620975,9261995,10410436,10655009
2019-04-09,199.5516,1845.49,175.62,0.44,1201.89,41.0695,126.0528,80.57,118.1925,360.54,84.76,53.2615,42.6022,106.06,271.65,34.84,202.0719,1853.09,179.19,0.5049,1207.15,41.1238,127.4052,80.98,119.0991,366.74,85.08,53.8588,42.622,107.51,275.0,35.39,198.4658,1831.78,175.55,0.4305,1198.38,40.9016,125.8937,80.26,118.1427,359.0,83.26,53.2316,42.2057,105.83,269.61,34.8068,198.7347,1835.84,177.58,0.5001,1202.69,40.9708,126.5301,80.8,118.8401,364.71,83.41,53.59,42.4634,106.93,272.31,35.14,35768237,3714368,19751031,918388,983840,1810247,4215648,10291417,17611981,5439228,6844688,9789013,17860595,7217072,5904031,13889711
2019-04-10,197.9179,1841.0,178.18,0.5,1205.09,40.951,126.8483,80.86,119.3183,365.79,82.15,53.62,42.5427,107.15,276.74,35.26,199.97,1848.0,178.79,0.505,1208.94,41.0349,127.2561,81.32,119.9061,368.8481,82.22,54.16,42.5427,107.77,278.38,35.27,197.4198,1828.81,176.54,0.5,1200.66,40.7239,126.2219,80.65,119.0991,362.25,81.65,53.6,42.2718,106.39,272.8925,34.5125,199.8504,1847.33,177.82,0.505,1206.45,40.7535,126.4804,80.82,119.7467,363.92,81.93,53.97,42.3544,107.51,276.06,34.75,21695288,2963973,11701479,105955,775456,1916026,4227063,6578495,16477169,4545561,4098717,8477336,12526176,6561918,7061314,11648786
2019-04-11,200.0795,1848.7,178.24,0.5,1208.9,40.7733,126.1522,80.93,120.0954,365.0,82.27,54.05,42.4138,107.51,268.3,34.75,200.229,1849.95,178.4,0.5125,1212.74,40.793,126.6097,80.93,120.4043,370.12,82.3199,54.19,42.4535,107.74,270.5,34.87,197.6819,1840.31,177.0,0.5,1204.54,40.3338,123.8154,79.39,119.4777,360.81,81.66,53.52,41.6209,105.91,265.6,34.41,198.1868,1844.07,177.51,0.5,1209.59,40.4276,124.4518,79.84,119.8862,367.65,81.87,53.79,41.8984,106.46,268.42,34.58,20900808,2654842,8070967,46176,849947,2750812,5520681,9933664,14209121,6526899,2869340,8147643,19179152,7681003,9835927,10982651
2019-04-12,198.4359,1848.4,178.0,0.5,1215.62,40.1511,124.5413,80.01,120.1951,360.69,80.55,54.1,41.9678,107.03,270.22,34.67,199.3723,1851.5,179.63,0.5143,1223.05,40.388,124.5413,80.435,120.5338,361.75,80.935,54.5,41.9678,108.54,271.95,34.83,195.4573,1841.3,177.95,0.5,1213.29,40.003,122.3337,79.3,119.9261,349.36,80.12,53.87,41.2145,106.41,266.83,34.11,198.1071,1843.06,179.1,0.5,1222.73,40.0919,122.3734,79.43,120.5039,351.14,80.24,54.5,41.3433,108.48,267.7,34.37,27760668,3114413,12329812,13434,1215610,2756749,5470362,9699151,19745143,15646199,4446417,9013994,20245333,6998048,6745974,12713801
2019-04-15,197.8182,1842.0,178.5,0.5,1224.09,40.3585,123.0795,79.31,120.494,350.71,80.89,54.5,41.492,108.58,268.63,34.38,199.0834,1846.85,180.5,0.504677,1229.3,40.5066,123.6563,79.49,121.1316,352.21,81.13,54.75,41.7497,109.0,268.88,35.03,197.2504,1818.9,176.87,0.5,1214.56,40.24,122.4728,78.47,120.1253,342.27,80.55,54.31,41.1054,107.31,258.63,34.34,198.4658,1844.87,179.65,0.5,1226.53,40.2598,123.3878,78.53,120.6036,348.87,80.96,54.63,41.72,108.14,266.38,34.71,17536646,3724423,10834762,47295,1189974,2170546,4549115,13189354,15792572,8842344,2571176,7694969,17421965,4480406,10038579,10248382
2019-04-16,198.6949,1851.35,179.0,0.5,1230.0,40.5856,124.233,79.23,121.1914,355.0,80.72,54.67,41.8488,108.8,265.75,34.84,200.5975,1869.77,180.17,0.51,1235.98,40.5856,124.233,79.29,121.2014,364.4787,80.82,54.91,41.9281,108.8,275.0,34.99,197.7983,1848.0,178.3,0.5,1225.04,39.766,119.1217,77.42,119.6571,352.72,79.26,54.325,40.4711,107.58,264.72,34.23,198.4857,1863.04,178.87,0.5025,1231.91,39.766,119.2907,77.56,120.3246,359.46,79.34,54.59,40.5603,108.2,273.36,34.46,25696385,3044618,11215193,662083,1131099,2585463,6573485,11957488,14071787,18740232,2980933,7265205,26097727,3766267,7272930,9396320
2019-04-17,198.7746,1872.99,179.6,0.5,1237.0,40.0721,119.3305,77.61,120.7929,365.05,78.99,54.68,40.5404,107.805,274.75,34.73,202.5998,1876.47,180.74,0.51,1245.1,40.0919,119.3902,77.62,121.4006,368.764,78.99,54.83,40.6396,108.86,274.79,34.9,197.8481,1860.44,178.36,0.5,1232.9,39.4205,115.2434,73.75,120.0954,350.6,77.22,54.39,39.0437,107.25,268.535,34.2,202.3508,1864.82,178.78,0.5099,1240.14,39.4796,115.85,73.92,121.3209,354.74,77.3,54.48,39.5294,108.81,271.23,34.48,28906780,2893517,9973732,29708,1518286,3807272,14842845,32615901,19300938,18054101,4707419,7792166,40239196,5354021,5126468,9022995
2019-04-18,202.3408,1868.79,178.8,0.5,1245.0,39.4402,115.5816,73.48,121.7394,355.0,77.25,54.44,39.579,108.36,271.23,34.67,203.3669,1870.82,178.88,0.5002,1245.94,39.5142,115.9992,74.05,123.0645,360.41,77.35,54.67,39.579,108.45,274.84,34.86,201.7431,1859.48,177.34,0.5,1239.41,39.2032,113.4982,72.23,120.8544,351.64,75.96,54.2259,38.0823,105.08,269.75,34.32,203.078,1861.69,178.28,0.5,1241.47,39.3513,114.5573,73.19,122.915,360.35,76.41,54.52,39.0338,107.36,273.26,34.4,24195766,2749882,11655608,18317,1237788,2670235,9805773,31267836,27990998,8353165,5053808,8233110,47988381,10220713,5876325,9806113
2019-04-22,202.0519,1855.4,178.25,0.482,1236.67,39.292,114.3982,73.16,122.1678,359.7,75.6,54.4,38.6869,106.79,269.0,34.4,204.1539,1888.42,181.665,0.5001,1254.34,39.4105,114.9252,73.805,123.5427,377.69,76.0,54.68,39.1528,107.18,269.68,34.615,201.5638,1845.64,178.25,0.482,1233.37,39.1242,113.0159,72.74,122.118,359.0,74.97,54.2,38.4688,106.02,262.48,33.82,203.7454,1887.31,181.44,0.5,1253.76,39.1834,114.8258,73.46,123.3036,377.34,75.4,54.62,38.6373,106.81,262.75,34.39,19439545,3373807,13389889,81514,954419,1650085,7519732,13882101,15648724,11980534,8191928,6088127,29429714,6408498,12147141,19704288
2019-04-23,203.6458,1891.2,182.74,0.5,1256.64,39.6475,115.3926,73.7,123.6423,375.45,75.79,54.75,38.7464,107.1,260.15,36.93,206.9531,1929.26,184.22,0.5043,1274.43,39.8796,117.2323,75.25,125.1169,384.8,76.68,55.14,39.2915,107.51,265.6,40.535,203.1178,1889.58,181.48,0.5,1251.97,39.608,114.786,73.4,123.3733,374.7069,75.57,54.72,38.5382,106.4401,255.75,36.91,206.6841,1923.77,183.78,0.5,1270.59,39.7166,116.8345,74.6,124.9774,381.89,75.9,54.94,39.0735,106.9,263.9,39.77,23322991,4640441,19954814,43113,1593449,3824880,5891462,18398386,24025521,10089820,8824100,10923390,25305608,8564219,10943859,104262474
2019-04-24,206.5646,1925.0,184.49,0.5,1270.59,39.6376,117.6301,74.73,125.3261,381.07,78.48,55.0,39.1528,107.11,263.85,39.86,207.6803,1929.69,185.14,0.5015,1274.0,39.687,117.7693,75.11,125.3859,381.9,78.85,55.53,39.2915,108.39,265.32,39.95,206.2558,1898.16,181.65,0.4561,1259.81,39.3118,116.576,73.98,124.0608,373.2698,77.76,54.96,38.8157,106.4196,258.0,38.8,206.3653,1901.75,182.58,0.5,1260.05,39.4303,117.3417,74.73,124.549,374.23,77.82,55.18,39.0239,107.22,258.66,39.29,17540609,3675781,37289871,37746,1169797,2864213,4254080,12193763,31256980,6541872,4638329,8769848,20110959,9553117,10727454,30266862
2019-04-25,206.0366,1917.0,196.98,0.5,1270.3,39.529,117.0931,74.58,129.5803,374.49,79.5,55.15,38.905,108.52,255.0,39.26,206.963,1922.45,198.48,0.5025,1272.8,39.7364,118.0129,76.82,130.8855,374.76,80.795,55.22,39.4749,110.92,259.0,40.13,204.3332,1900.31,192.12,0.5,1258.0,39.3908,116.0987,74.46,128.3549,365.7,79.34,54.58,38.8207,108.52,246.07,38.19,204.4925,1902.25,193.26,0.5,1267.34,39.7166,117.5704,76.34,128.6737,368.33,80.6,55.01,39.2618,110.22,247.63,38.48,18543206,6099101,54148789,36016,1567161,2036267,3425006,13353167,38033892,6255496,3568863,8226211,17201238,10959443,21849393,26044758
2019-04-26,204.114,1929.0,192.5,0.5,1273.38,39.8253,118.167,76.64,129.2217,368.35,80.85,55.22,39.3213,109.72,246.5,38.59,204.2136,1951.0,192.9,0.501571,1278.91,39.9043,119.251,76.99,130.0339,375.14,81.37,55.49,39.6384,110.57,246.68,39.34,201.3447,1898.0,189.09,0.5,1265.0,39.6179,118.0079,76.09,128.5442,366.24,80.59,55.01,39.0982,107.88,231.13,38.18,203.5163,1950.63,191.49,0.501571,1277.42,39.8944,119.2012,76.63,129.411,374.85,81.29,55.41,39.6186,110.56,235.14,38.67,18649102,8432563,22075002,38649,1361419,1931127,3372541,8481090,23654933,5621901,2683767,7101579,19025763,7683160,22360709,15270496
2019-04-29,203.6159,1949.0,190.95,0.5,1280.51,40.082,119.2311,76.59,129.4209,373.68,80.98,55.29,39.6186,110.7,235.86,38.63,205.1799,1956.34,195.41,0.51,1296.97,40.1216,119.3405,77.18,129.6999,374.5753,81.21,55.49,39.6682,113.0,243.98,39.97,203.078,1934.09,190.65,0.5,1271.71,39.8302,118.5847,76.48,128.873,369.115,80.83,55.08,39.242,110.44,232.17,38.63,203.8251,1938.43,194.78,0.5,1296.2,39.9438,118.9328,76.78,129.2914,371.83,81.13,55.08,39.242,112.44,241.47,39.78,22204716,4021255,19641310,91398,3618362,2065707,4097385,7056570,16324183,3821703,1541183,6442963,22038880,6989300,16714476,19679975
2019-04-30,202.2811,1930.1,194.19,0.5,1190.63,40.2894,115.9594,77.56,129.3313,369.56,81.89,55.06,40.0448,112.44,242.06,39.79,202.6198,1935.71,197.39,0.5095,1200.98,40.6449,116.4865,78.9,130.218,374.5,82.55,55.38,40.818,113.22,244.21,40.92,198.3462,1906.95,192.28,0.5,1183.0,40.0919,114.2689,76.0,128.9175,368.348,81.54,54.835,39.4501,111.2,237.0,39.65,199.9002,1926.52,193.4,0.5,1198.96,40.6153,116.387,78.71,130.1183,370.54,82.23,55.33,40.253,112.77,238.69,39.91,46534923,3506007,23494689,27830,6658855,5134508,7548382,10752887,24166503,3870095,2048997,10562254,32600041,6489380,9464628,22912022
2019-05-01,209.0749,1933.09,194.78,0.5,1197.5,40.3388,116.397,78.69,130.0486,374.0,82.1,55.32,40.2332,113.21,238.85,40.0,214.4841,1943.64,196.1769,0.51,1199.25,40.4276,118.8671,79.73,130.1682,385.99,82.8,55.415,40.5602,113.69,240.0,40.07,208.4274,1910.55,193.01,0.5,1171.67,39.534,115.9097,78.43,127.229,373.1746,81.74,54.8,39.8169,110.92,231.5,39.26,209.7124,1911.52,193.03,0.5025,1173.32,39.9043,117.5207,78.72,127.4084,378.81,81.91,54.88,40.4116,110.94,234.01,39.29,64827328,3116964,15996646,27562,3717018,4365582,5392077,14588365,26821692,9257284,1143726,7792905,19642677,5444708,10704354,14962555
2019-05-02,209.0351,1913.33,193.0,0.5,1172.6,39.9339,117.7792,78.61,127.508,378.0,81.9,54.81,40.4512,110.6,245.52,39.24,211.8343,1921.55,194.0,0.5099,1179.38,40.0326,117.908,79.83,127.5279,383.5,82.15,55.05,40.6594,111.16,247.13,39.9999,207.3316,1881.87,189.75,0.5,1158.33,39.7759,116.208,78.61,125.0571,374.51,81.42,54.46,40.2183,108.91,237.72,38.84,208.3477,1900.82,192.53,0.5,1166.51,39.9536,117.7991,79.52,125.7445,379.06,81.93,54.6,40.6495,109.7,244.1,39.95,31996324,3962915,13209452,36298,2254890,2390004,4169249,11048803,27350161,5398167,1442714,9652179,19422375,5272425,18159339,13419117
2019-05-03,210.081,1949.0,194.38,0.5,1177.41,40.3783,117.7792,79.54,126.8903,381.53,82.65,54.8,40.8576,110.57,243.86,40.48,211.0274,1964.4,196.16,0.5099,1191.4,40.3881,117.7792,80.1448,128.9527,385.03,82.72,55.02,41.1302,112.12,256.61,40.82,209.4236,1936.0,193.71,0.5,1173.55,40.082,115.8849,79.25,126.7807,378.2717,82.17,54.67,40.6693,110.25,243.49,39.96,210.9377,1962.46,195.47,0.5,1189.55,40.24,116.2578,80.0,128.4246,385.03,82.61,54.79,41.0261,111.96,255.03,40.8,20892378,6381564,14575434,56759,2079376,2170055,5695485,7578765,24911126,5130301,1327347,11066476,17708528,4660901,23706771,15577111
2019-05-06,203.5063,1917.98,191.24,0.5,1172.0,39.7759,115.1738,78.53,125.9239,377.69,82.05,53.9,40.5504,109.44,250.02,39.69,208.0389,1959.0,194.28,0.5025,1195.43,40.1018,116.4268,79.79,128.0859,381.35,83.03,55.0,41.4028,111.12,258.3499,40.44,202.7194,1910.5,190.55,0.4913,1171.15,39.7561,114.6567,78.2976,125.6449,376.0,82.02,53.83,40.481,108.58,248.5,39.45,207.6803,1950.55,193.88,0.5,1193.46,40.0228,115.9992,79.48,127.6774,378.67,82.77,54.85,41.2839,110.85,255.34,40.23,32443113,5417841,13994932,37213,1588684,2023008,5952074,9452824,24239464,5793144,1124687,9305412,24643086,4722565,10833943,14517359
2019-05-07,205.0902,1939.99,192.54,0.5,1185.81,39.6376,115.6512,78.89,125.9936,377.0,82.06,54.2,41.0261,110.17,256.8,39.9,206.6218,1949.1,192.9,0.5025,1194.77,39.7265,115.8401,79.29,126.711,379.91,82.15,54.64,41.3433,110.17,257.21,40.15,200.0546,1903.38,187.85,0.5,1165.0,38.9365,113.8214,77.415,123.7619,365.81,80.72,53.654,40.144,107.64,245.1,38.12,202.0818,1921.0,189.77,0.5,1178.86,39.0945,114.2987,77.9,125.0571,370.46,81.07,54.0,40.4711,108.95,247.06,38.62,38763698,5902134,16253001,116475,1830238,3161752,5127210,10041379,36017661,6974924,1352253,11712353,26189630,6178708,10131408,19283131
2019-05-08,201.1255,1918.87,189.39,0.5,1177.29,39.1735,115.2037,78.33,124.9774,367.92,81.45,54.35,40.4413,108.58,246.94,38.45,204.5523,1935.37,190.72,0.5037,1184.27,39.3463,116.2379,78.71,125.9039,369.0,82.19,54.43,40.6693,109.88,250.599,39.15,200.9761,1910.0,188.55,0.5,1167.63,39.1044,114.5871,77.9,124.2899,361.36,81.21,53.81,40.0845,108.15,244.2,38.33,202.1217,1917.77,189.54,0.5,1170.78,39.2427,115.6014,78.18,125.0471,364.37,81.87,53.99,40.59,109.07,244.84,38.58,26339504,4078568,12505737,8684,1276022,2033971,2992573,10083520,28418996,6571957,1186196,10729819,22592124,4118033,6176440,9168440
2019-05-09,199.6313,1900.0,187.2,0.5,1162.6,38.9069,115.2136,77.68,123.8316,360.9,81.13,53.46,40.3,108.1,242.0,38.11,200.9064,1909.4,189.77,0.51,1174.07,39.2427,115.497,78.51,125.3261,364.2,81.28,54.35,40.84,110.1325,243.68,39.02,195.9056,1876.0,186.26,0.5,1154.64,38.8674,114.1347,77.2425,123.1143,352.75,80.555,53.08,40.23,107.2476,236.9434,37.8203,199.95,1899.87,188.65,0.505,1167.97,39.1637,115.154,78.33,125.0372,362.75,80.98,54.25,40.64,109.73,241.98,38.79,34908607,5308263,12967033,1002,1477752,1680085,5818894,7734636,27235835,5882572,2276406,10711773,18721469,4657418,6711382,10010669
2019-05-10,197.419,1898.0,188.25,0.5,1168.84,38.9267,114.9849,78.08,124.4493,361.62,81.68,53.77,40.63,109.22,239.75,38.68,198.85,1903.79,190.0,0.5025,1176.28,39.0699,115.6711,78.325,127.4582,365.2578,82.02,54.965,40.8187,110.68,241.99,39.16,192.77,1856.0,184.59,0.5,1146.37,38.6354,113.5828,76.81,123.3634,353.06,81.05,53.51,39.865,107.46,236.02,37.86,197.18,1889.98,188.34,0.5,1167.64,39.0353,115.5716,78.19,126.6611,361.04,81.88,54.65,40.72,110.41,239.52,38.45,41208712,5717994,12578508,13856,1582460,2573502,3660485,8613669,30915084,5657123,2047120,11200287,16500823,3750890,7008336,12258962
2019-05-13,187.71,1836.56,183.5,0.5,1145.24,38.6403,114.2192,76.82,123.6523,352.29,80.18,53.72,40.23,107.6,232.01,37.5,189.48,1846.54,185.43,0.505,1151.97,38.9563,114.5474,77.53,125.087,354.26,80.69,53.95,40.65,108.63,232.47,37.6434,182.85,1818.0,180.84,0.49,1125.5,38.581,113.2347,76.82,122.5862,343.1,80.02,53.39,40.15,106.52,224.5,36.37,185.72,1822.68,181.54,0.501,1136.59,38.8477,113.7319,77.17,122.8951,345.26,80.51,53.43,40.57,106.83,227.01,36.59,57430623,5783410,16833347,5853,2281686,2329306,4284654,9200151,33944923,8026697,2351062,10664674,26575851,5657900,10834796,16829698
2019-05-14,186.41,1839.5,182.52,0.51,1142.32,38.897,114.0899,77.62,123.4132,348.71,80.45,53.64,40.59,107.56,229.3,37.04,189.7,1852.44,183.49,0.51,1144.87,39.0649,114.8855,78.08,125.4158,349.95,81.18,54.62,40.87,110.4,234.5,37.52,185.41,1815.75,178.1,0.5,1123.53,38.6699,113.891,77.36,123.2438,342.5,80.42,53.36,40.56,107.35,228.0,36.6,188.66,1840.12,180.73,0.504626,1124.86,38.7193,114.2987,77.42,124.27,345.61,80.73,54.13,40.66,109.09,232.31,36.93,36529677,4629107,17628142,2972,2019550,2328860,3668359,7742178,25266315,5353029,1082014,11520824,25401053,4559662,7252412,11125110
2019-05-15,186.27,1827.95,180.42,0.5,1122.55,38.9563,114.607,76.87,124.26,343.34,80.65,53.91,40.86,108.59,229.32,36.67,191.75,1874.43,187.28,0.51,1178.3,39.1587,115.1937,77.88,126.71,356.5,81.82,54.81,41.29,111.93,232.44,38.14,186.02,1823.0,180.02,0.5,1121.4,38.8427,113.6822,76.8,123.7,341.39,80.6,53.84,40.7,108.31,225.25,36.6425,190.92,1871.15,186.27,0.5,1170.8,39.0847,114.975,77.55,126.02,354.99,81.55,54.56,41.15,111.5,231.95,37.9,26544718,4692642,16746904,5463,2965117,2248424,3724484,6950935,24722708,6340118,1030237,8573131,31803418,5315281,7295976,11523055
2019-05-16,189.91,1885.94,185.05,0.51,1171.84,39.41,114.57,77.77,126.75,356.37,82.61,54.91,41.15,111.2,229.49,38.11,192.4689,1917.51,188.575,0.51,1194.16,39.635,117.68,79.89,129.38,364.0,83.04,55.145,41.98,114.66,231.0,38.72,188.84,1882.29,185.05,0.5,1168.45,39.3,114.57,77.73,126.46,353.935,82.37,54.55,41.15,111.16,226.5,38.05,190.08,1907.57,186.99,0.5,1184.5,39.34,116.73,79.13,128.93,359.31,82.45,54.64,41.64,113.87,228.33,38.3,33031364,4707822,12953111,46860,1765388,2584464,3914074,9457190,30112216,6441463,1303972,10013804,24201579,6031779,7483273,10104398
2019-05-17,186.93,1893.05,184.84,0.5,1175.83,39.27,115.7,78.41,128.305,356.39,82.99,54.19,41.3,113.07,221.96,37.83,190.9,1910.53,187.58,0.51,1186.29,39.68,116.65,79.065,130.46,359.62,83.3219,54.92,41.81,114.25,222.24,38.125,186.76,1867.33,184.28,0.5,1166.42,39.27,115.22,77.85,127.92,353.785,82.7,54.19,41.25,112.2421,208.92,37.47,189.0,1869.0,185.3,0.51,1168.78,39.46,116.01,78.72,128.07,354.45,82.7,54.5,41.47,112.8,211.03,37.5,32879090,4736618,10485370,75773,1268050,1924392,3109760,7881431,25770539,4725448,1563774,9057070,27692390,4512583,17786666,9090265
2019-05-20,183.52,1852.69,181.88,0.5,1153.0,39.28,115.87,78.36,126.52,351.23,82.37,53.95,41.4,111.97,202.8,37.12,184.349,1867.78,184.23,0.51,1153.0,39.53,116.3,79.27,127.5894,352.418,82.51,54.36,41.71,113.31,206.0,37.725,180.2839,1835.54,181.37,0.5,1138.13,39.26,115.0,78.25,125.7607,345.4,81.68,53.53,41.28,111.23,195.25,36.92,183.09,1858.97,182.72,0.5036,1144.66,39.39,116.23,78.88,126.22,348.11,82.01,53.66,41.59,112.15,205.36,37.15,38612290,3798198,10351981,19058,1530126,1713380,3042762,7901949,23706934,4621515,2871367,9820306,23009069,3631596,20526195,9411902
2019-05-21,185.22,1874.79,184.57,0.5,1154.48,39.35,117.04,79.08,127.43,350.95,82.68,54.21,41.71,112.67,197.76,37.47,188.0,1879.0,185.7,0.503201,1158.0,39.52,117.79,79.73,127.5273,356.425,82.92,54.27,41.81,113.12,207.4,37.86,184.7,1846.0,183.885,0.5,1143.31,39.31,116.53,78.525,126.58,349.93,82.21,54.025,41.485,111.6855,196.04,37.33,186.6,1857.52,184.82,0.5001,1154.44,39.39,116.58,79.5,126.9,354.27,82.39,54.17,41.67,112.43,205.08,37.47,28364848,4005122,7502820,5148,1028248,2231538,2611127,10375810,15293260,4026369,2152604,8482013,27310300,4001417,18003899,8861388
2019-05-22,184.66,1851.78,184.73,0.5,1151.25,39.3,116.12,79.35,126.62,358.01,82.78,54.23,41.69,112.28,199.1,37.41,185.71,1871.48,186.74,0.5038,1163.78,40.21,118.39,81.15,128.24,370.46,84.06,54.55,42.21,113.96,203.94,39.32,182.55,1851.0,183.61,0.5,1151.0,39.28,116.12,79.31,126.52,357.3,82.64,54.04,41.55,112.21,191.78,37.24,182.78,1859.68,185.32,0.5,1155.85,40.2,117.98,80.98,127.67,359.73,83.91,54.2,41.99,112.47,192.73,38.58,29748556,2936601,9213801,4059,941279,2783362,3934227,12873869,15396485,6229389,2354468,8389651,23979958,3092002,18685187,21105429
2019-05-23,179.8,1836.59,182.42,0.5,1146.07,39.93,117.76,80.6,126.2,355.5,84.25,53.72,41.84,111.47,194.34,38.15,180.54,1844.0,183.9,0.51,1150.05,40.03,117.96,81.19,126.29,357.42,84.54,53.72,41.98,111.71,199.465,38.29,177.81,1804.2,179.67,0.5,1133.16,39.82,116.48,80.41,124.74,347.7,83.93,52.51,41.645,109.06,186.22,36.8,179.66,1815.48,180.87,0.5025,1145.34,39.99,116.81,81.02,126.18,352.21,84.44,53.08,41.92,109.9,195.49,37.19,36529736,4424265,12768835,24959,1260657,1858728,3653517,9381160,23603810,5630443,2069228,11213892,24189995,7183631,26547142,18398792
2019-05-24,180.2,1835.89,182.33,0.5,1152.0,40.15,117.53,81.3,126.91,355.41,86.49,53.38,42.06,110.84,199.83,37.47,182.14,1841.76,183.63,0.5034,1154.36,40.32,117.55,81.9399,127.415,359.44,88.44,53.47,42.305,111.24,199.98,37.85,178.62,1817.85,180.83,0.5,1136.71,40.08,116.45,81.11,125.97,353.791,86.32,52.59,41.865,109.46,188.7505,37.27,178.97,1823.28,181.06,0.5,1138.61,40.18,116.79,81.17,126.24,354.39,87.52,52.77,41.95,109.85,190.63,37.41,23714686,3369673,8807701,17244,927651,1701862,2086492,5793580,14123358,3830963,4727218,9090777,14595227,4832620,14136572,9303870
2019-05-28,178.92,1832.75,181.54,0.51,1141.48,39.71,117.09,81.38,126.98,354.39,87.71,53.08,42.15,110.57,191.2,37.41,180.59,1849.27,184.7119,0.55,1156.49,39.945,118.4054,81.935,128.0,361.2,88.02,53.28,42.48,113.14,195.0,38.04,177.91,1827.35,181.4537,0.5,1138.67,39.16,115.7,80.23,126.05,353.64,86.89,51.75,41.89,110.5,187.85,37.23,178.23,1836.43,184.31,0.55,1139.56,39.18,115.76,80.26,126.16,354.78,86.92,51.75,41.9,111.74,188.7,37.29,27948160,3199965,14843308,1633831,1047554,2790292,5007231,13148599,23128359,4717144,2131096,28230397,46907903,6568269,10312901,11770272
2019-05-29,176.42,1823.12,183.5,0.5251,1132.7,38.88,115.61,80.12,125.38,353.6,86.78,51.43,41.7,110.75,187.1,37.02,179.35,1830.0,184.56,0.53,1135.0,39.02,115.8004,80.37,125.39,353.8476,86.81,51.81,41.84,110.97,192.39,37.4,176.0,1807.53,181.35,0.5,1111.95,38.76,114.43,78.75,124.04,345.9,85.73,51.05,41.28,109.31,185.0401,36.5237,177.38,1819.19,182.19,0.5028,1119.94,38.88,115.49,79.36,124.94,349.19,85.81,51.69,41.72,110.08,189.86,36.85,28481165,4279025,12797685,107711,1811510,2092394,5915784,10762271,22763140,5658913,3682495,12448661,25517868,8166166,11968638,12270334
2019-05-30,177.95,1825.49,183.08,0.504,1120.15,38.95,115.49,79.56,125.26,350.55,85.78,51.93,41.68,110.64,188.75,37.0,179.23,1829.47,183.48,0.53,1126.8,38.98,116.3,79.82,125.76,354.21,86.23,52.03,41.95,111.57,192.255,37.2933,176.67,1807.83,180.89,0.504,1115.9,38.61,114.96,79.19,124.78,348.3,85.405,51.46,41.58,110.09,187.02,36.6,178.3,1816.32,183.01,0.52,1121.41,38.74,115.9,79.68,125.73,351.85,85.8,51.72,41.9,111.41,188.22,37.14,21218412,3146850,8581544,1373809,904419,2171735,2392848,7140974,16829613,4008042,1766155,8569531,16455664,3871752,7926475,7413128
2019-05-31,176.23,1790.01,180.28,0.5,1105.64,38.58,115.34,79.33,124.23,347.22,85.67,51.24,41.69,110.33,185.1,36.62,177.99,1795.59,180.54,0.52,1113.4,38.76,117.58,79.92,124.615,349.34,85.85,51.36,41.98,110.8,189.9204,36.96,174.99,1772.7,177.16,0.5,1103.35,38.4299,114.99,78.8,123.32,342.92,85.33,50.51,41.45,108.74,184.1,36.3,175.07,1775.07,177.47,0.52,1106.5,38.64,115.94,79.21,123.68,343.28,85.64,50.6,41.52,109.75,185.16,36.44,27043584,4618819,15226536,12319,1579481,2025329,6098447,6815619,26646769,5023449,2015767,11847089,21479471,4913455,10406732,8556067
2019-06-03,175.6,1760.01,175.0,0.5015,1066.93,39.13,116.53,79.65,123.85,343.56,87.26,50.56,41.63,111.09,185.51,36.45,177.92,1766.29,175.05,0.506,1067.0,39.27,117.72,80.915,124.37,347.66,87.81,51.075,42.19,111.09,186.68,36.9,170.27,1672.0,161.01,0.5,1027.03,38.9,116.04,79.52,119.01,332.65,86.98,49.89,41.57,103.96,176.9919,34.04,173.3,1692.69,164.15,0.506,1038.74,39.04,116.77,80.26,119.84,336.63,87.66,50.24,41.92,105.52,178.97,34.43,40396069,9098708,56059609,1766,4844480,2122322,4722140,8795855,37983637,7849589,2259358,17434453,21483017,11261210,13064410,22217080
2019-06-04,175.44,1699.24,163.71,0.52,1044.49,39.0,118.08,80.75,121.28,345.0,87.62,50.79,42.48,106.83,181.1,35.18,179.83,1730.82,168.28,0.52,1058.44,39.02,118.93,81.33,123.28,353.61,87.71,52.24,42.75,108.83,193.98,36.15,174.52,1680.89,160.84,0.51,1036.03,38.7001,117.41,80.115,120.6522,343.25,87.06,50.63,42.04,105.78,179.61,34.97,179.64,1729.56,167.5,0.51,1054.49,38.89,117.56,81.08,123.16,353.4,87.42,52.02,42.23,108.73,193.6,36.1,30967961,5679121,46044256,13331,3025564,2009405,3122814,8939947,29382642,7891632,1256677,17073297,17508282,7280429,13807522,15357128
2019-06-05,184.28,1749.6,167.48,0.51,1055.0,38.95,118.03,81.38,124.95,354.38,87.56,52.78,42.6,110.04,198.68,36.5,184.99,1752.0,168.72,0.52,1056.81,39.02,118.38,82.27,125.87,357.88,88.04,53.24,42.84,110.88,201.2782,36.71,181.14,1715.25,164.63,0.51,1033.0,38.64,116.53,81.08,124.21,348.71,87.49,51.845,42.405,109.46,191.8486,35.9543,182.54,1738.5,168.17,0.511,1044.64,38.67,117.02,81.69,125.83,355.73,87.54,52.1,42.48,110.77,196.59,36.33,29773427,4239782,19758317,5437,2349436,2087140,4175988,9372442,24926140,5020081,1005972,15855294,20321549,6220170,13510756,12798679
2019-06-06,183.08,1737.71,168.3,0.511,1046.21,39.09,117.52,82.16,126.44,354.84,88.09,52.09,42.8,111.11,204.44,36.26,185.47,1760.0,169.7,0.52,1050.0,39.32,118.94,82.44,127.97,358.21,88.61,52.74,43.085,112.04,211.0,36.75,182.1489,1726.13,167.23,0.511,1035.51,38.96,117.27,81.43,125.6,352.09,87.65,51.86,42.48,110.27,201.8,35.96,185.22,1754.36,168.33,0.515,1047.76,38.98,117.5,81.44,127.82,357.13,87.66,52.59,42.71,111.78,205.95,36.59,22526311,3689272,12446354,20144,1451026,2805918,3882788,10872130,21458961,3709955,2109869,10266909,23239278,4743958,20242151,8862950
2019-06-07,186.51,1763.7,170.17,0.5,1054.28,39.92,118.19,81.82,129.19,357.39,88.01,52.8,42.98,112.3,205.0,36.87,191.92,1806.25,173.87,0.5126,1073.43,40.14,118.94,82.88,132.25,365.15,88.6,53.42,43.245,115.14,210.8438,38.31,185.77,1759.49,168.84,0.5,1051.15,39.8,117.89,81.82,128.26,355.69,87.96,52.78,42.86,112.08,203.499,36.8,190.15,1804.03,173.35,0.51,1068.37,39.8,118.35,82.46,131.4,360.87,88.06,53.26,42.92,114.02,204.5,37.93,30684393,4808246,16917343,8020,2191357,3377368,2726282,8394496,33885588,4777321,3818625,11591841,18997933,5916410,16003527,15399731
